{
  "project_name": "NotJustExam Streamlit Application",
  "version": "1.0.0",
  "purpose": "Exam preparation platform for managing and studying exam dumps",
  "deployment_target": "Streamlit Cloud (https://streamlit.app/)",
  "files_created": {
    "core_files": [
      {
        "name": "notjustexam_app.py",
        "purpose": "Main Streamlit application",
        "note": "Rename to 'app.py' for deployment",
        "size": "~15KB",
        "lines": "~500"
      },
      {
        "name": "requirements.txt",
        "purpose": "Python dependencies",
        "dependencies": [
          "streamlit==1.32.0",
          "beautifulsoup4==4.12.3",
          "Pillow==10.2.0"
        ]
      },
      {
        "name": "README.md",
        "purpose": "Complete project documentation"
      }
    ],
    "documentation": [
      {
        "name": "QUICK_START.md",
        "purpose": "10-minute setup guide"
      },
      {
        "name": "DEPLOYMENT_GUIDE.md",
        "purpose": "Detailed deployment instructions"
      },
      {
        "name": "PROJECT_STRUCTURE.md",
        "purpose": "Technical documentation and file formats"
      },
      {
        "name": "PROJECT_SUMMARY.md",
        "purpose": "Complete overview and business guide"
      }
    ],
    "utilities": [
      {
        "name": "upload_helper.py",
        "purpose": "File preparation utility"
      },
      {
        "name": ".gitignore",
        "purpose": "Git exclusion rules"
      },
      {
        "name": ".streamlit/config.toml",
        "purpose": "App configuration"
      }
    ],
    "samples": [
      {
        "name": "sample_question_template/summary_question.html",
        "purpose": "Sample question HTML format"
      },
      {
        "name": "sample_question_template/summary_discussion_ai.html",
        "purpose": "Sample answer HTML format"
      }
    ]
  },
  "features": [
    "Create and manage multiple exams",
    "Upload question folders with HTML content",
    "Automatic HTML parsing with BeautifulSoup",
    "Display questions with multiple choice options",
    "Show/hide answer functionality",
    "Internet discussion summaries",
    "AI-recommended answers with references",
    "Image support for diagrams",
    "Clean, professional UI",
    "Mobile-responsive design",
    "Progress tracking",
    "Navigation (Previous/Next)",
    "Exam deletion",
    "Session state management"
  ],
  "requirements": [
    "Python 3.8+",
    "Streamlit account (free)",
    "GitHub account (free)",
    "Question folders in specified format"
  ],
  "folder_structure": {
    "format": "topic_<topic_index>_question_<question_index>",
    "required_files": [
      "summary_question.html - Question content and choices",
      "summary_discussion_ai.html - Answers and explanations"
    ],
    "optional_files": [
      "image_<index>.png - Associated images"
    ],
    "example": "topic_1_question_1/"
  },
  "deployment_steps": [
    "1. Create GitHub repository",
    "2. Upload all project files",
    "3. Rename notjustexam_app.py to app.py",
    "4. Go to share.streamlit.io",
    "5. Connect GitHub repository",
    "6. Deploy application",
    "7. Upload exam content"
  ],
  "key_benefits": [
    "Production-ready code",
    "Comprehensive documentation",
    "Easy deployment process",
    "Professional UI/UX",
    "Scalable architecture",
    "All requirements met",
    "Based on existing app.py structure",
    "Business-ready platform"
  ]
}